Site,Pos,Score,% Identity,Seq,Alignment,Threshold=0.55
CATTTTCAAAATTATTAAATTTCTT,78,14,0.56,CGGTCAGAAAATTATTTTAAATTTC,CATTTTCAAAATTATTAAATTTCTT,
,,,,,|  |   |||||||||  |  | | ,
,,,,,CGGTCAGAAAATTATTTTAAATTTC,
CATTTTCAAAATTATTAAATTTCTT,1854,14,0.56,GGGTTGCAAAAGAAGTAGGTAGCTT,CATTTTCAAAATTATTAAATTTCTT,
,,,,,   || |||||  | ||  |  |||,
,,,,,GGGTTGCAAAAGAAGTAGGTAGCTT,
CATTTTCAAAATTATTAAATTTCTT,2133,14,0.56,AAATTTGAAGAGGTTTTAACTACAT,CATTTTCAAAATTATTAAATTTCTT,
,,,,, | ||| || |   || || | | |,
,,,,,AAATTTGAAGAGGTTTTAACTACAT,
CATTTTCAAAATTATTAAATTTCTT,3164,14,0.56,ATGTTGAAAAATTAGCGGATGACTT,CATTTTCAAAATTATTAAATTTCTT,
,,,,,   ||  |||||||    ||  |||,
,,,,,ATGTTGAAAAATTAGCGGATGACTT,
CGTTTCCAAACTCTTTTCGAAC,4711,13,0.591,GGTTGGCTAATCCTGGTCGGAC,CGTTTCCAAACTCTTTTCGAAC,
,,,,, |||  | ||  ||  ||| ||,
,,,,,GGTTGGCTAATCCTGGTCGGAC,
AGGCCAGCAATTTCAAGTTAACTCC,78,14,0.56,CGGTCAGAAAATTATTTTAAATTTC,AGGCCAGCAATTTCAAGTTAACTCC,
,,,,, || ||| || ||    | || | |,
,,,,,CGGTCAGAAAATTATTTTAAATTTC,
AGGCCAGCAATTTCAAGTTAACTCC,544,15,0.6,GGGTGAGTAATGTCTGGGAAACTGC,AGGCCAGCAATTTCAAGTTAACTCC,
,,,,, ||  || ||| ||  |  |||| |,
,,,,,GGGTGAGTAATGTCTGGGAAACTGC,
AGGCCAGCAATTTCAAGTTAACTCC,1506,14,0.56,TGTTGTGAAATGTTGGGTTAAGTCC,AGGCCAGCAATTTCAAGTTAACTCC,
,,,,, |    | ||| |   ||||| |||,
,,,,,TGTTGTGAAATGTTGGGTTAAGTCC,
AGGCCAGCAATTTCAAGTTAACTCC,1570,15,0.6,CGGCCGGGAACTCAAAGGAGACTGC,AGGCCAGCAATTTCAAGTTAACTCC,
,,,,, |||| | || |  |||   ||| |,
,,,,,CGGCCGGGAACTCAAAGGAGACTGC,
CTCTTGTCTTCTTGCCCAGTAAAAG,187,14,0.56,CTCCTGAGAACTCCGGCAGAGAAAG,CTCTTGTCTTCTTGCCCAGTAAAAG,
,,,,,||| ||    ||    |||  ||||,
,,,,,CTCCTGAGAACTCCGGCAGAGAAAG,
CTCTTGTCTTCTTGCCCAGTAAAAG,1492,14,0.56,CTGTCGTCAGCTCGTGTTGTGAAAT,CTCTTGTCTTCTTGCCCAGTAAAAG,
,,,,,|| | |||  || |    || ||| ,
,,,,,CTGTCGTCAGCTCGTGTTGTGAAAT,
CTCTTGTCTTCTTGCCCAGTAAAAG,1626,14,0.56,GTCAAGTCATCATGGCCCTTACGAC,CTCTTGTCTTCTTGCCCAGTAAAAG,
,,,,, ||  ||| || || ||  ||  | ,
,,,,,GTCAAGTCATCATGGCCCTTACGAC,
CTCTTGTCTTCTTGCCCAGTAAAAG,2013,14,0.56,GTCTGATGAAAATGAGCAGTAAAAC,CTCTTGTCTTCTTGCCCAGTAAAAG,
,,,,, |||  |     ||  |||||||| ,
,,,,,GTCTGATGAAAATGAGCAGTAAAAC,
CTCTTGTCTTCTTGCCCAGTAAAAG,3259,14,0.56,CTCGTGAATTCATCTCCGGGGGTAG,CTCTTGTCTTCTTGCCCAGTAAAAG,
,,,,,||| ||  ||| |  || |    ||,
,,,,,CTCGTGAATTCATCTCCGGGGGTAG,
CTCTTGTCTTCTTGCCCAGTAAAAG,3528,14,0.56,GTCGAGTCGGCCTGCGCGGAAGATG,CTCTTGTCTTCTTGCCCAGTAAAAG,
,,,,, ||  |||  | ||| | | | | |,
,,,,,GTCGAGTCGGCCTGCGCGGAAGATG,
CTCTTGTCTTCTTGCCCAGTAAAAG,3893,14,0.56,GTGTAGGCTGGTTTTCCAGGCAAAT,CTCTTGTCTTCTTGCCCAGTAAAAG,
,,,,, | | | ||  ||  ||||  ||| ,
,,,,,GTGTAGGCTGGTTTTCCAGGCAAAT,
CTCTTGTCTTCTTGCCCAGTAAAAG,4301,15,0.6,CTCTTGATCGAAGCCCCGGTAAACG,CTCTTGTCTTCTTGCCCAGTAAAAG,
,,,,,||||||        ||| ||||| |,
,,,,,CTCTTGATCGAAGCCCCGGTAAACG,
GCCCAAAGAAAAAGTTGCAAAGATATG,1329,15,0.556,CCGCAAGGTTAAAACTCAAATGAATTG,GCCCAAAGAAAAAGTTGCAAAGATATG,
,,,,, | ||| |  |||  |  || ||  ||,
,,,,,CCGCAAGGTTAAAACTCAAATGAATTG,
GCCCAAAGAAAAAGTTGCAAAGATATG,3411,16,0.593,ACCGCCAGCTAAGGTCCCAAAGTCATG,GCCCAAAGAAAAAGTTGCAAAGATATG,
,,,,, ||   ||  || ||  |||||  |||,
,,,,,ACCGCCAGCTAAGGTCCCAAAGTCATG,
GCCCAAAGAAAAAGTTGCAAAGATATG,4217,15,0.556,GTGCAAACACGAAAGTGGACGTATACG,GCCCAAAGAAAAAGTTGCAAAGATATG,
,,,,,|  |||| |  ||  || |   ||| |,
,,,,,GTGCAAACACGAAAGTGGACGTATACG,
CCAGTTACGAAAATTCTTGTTTTTGAC,76,15,0.556,CGCGGTCAGAAAATTATTTTAAATTTC,CCAGTTACGAAAATTCTTGTTTTTGAC,
,,,,,|  | |  ||||||| || |   |  |,
,,,,,CGCGGTCAGAAAATTATTTTAAATTTC,
CCAGTTACGAAAATTCTTGTTTTTGAC,2174,15,0.556,TCAGCTGGGAGAGCGCCTGCTTTGCAC,CCAGTTACGAAAATTCTTGTTTTTGAC,
,,,,, ||| |  || |   | || |||  ||,
,,,,,TCAGCTGGGAGAGCGCCTGCTTTGCAC,
CTTAAGCGCAGGCCCGGCTGGACTC,626,14,0.56,CCAAAGAGGGGTACCTTCGGGCCTC,CTTAAGCGCAGGCCCGGCTGGACTC,
,,,,,|  ||| |  |  ||  | || |||,
,,,,,CCAAAGAGGGGTACCTTCGGGCCTC,
CTTAAGCGCAGGCCCGGCTGGACTC,1723,14,0.56,GTGCGTCGTAGTCCGGATTGGAGTC,CTTAAGCGCAGGCCCGGCTGGACTC,
,,,,, |    || || || |  |||| ||,
,,,,,GTGCGTCGTAGTCCGGATTGGAGTC,
CTTAAGCGCAGGCCCGGCTGGACTC,3139,14,0.56,ACTAACTGGAGGACCGAACCGACTA,CTTAAGCGCAGGCCCGGCTGGACTC,
,,,,,  |||  | ||| |||    |||| ,
,,,,,ACTAACTGGAGGACCGAACCGACTA,
CTTAAGCGCAGGCCCGGCTGGACTC,4303,14,0.56,CTTGATCGAAGCCCCGGTAAACGGC,CTTAAGCGCAGGCCCGGCTGGACTC,
,,,,,||| | || || |||||       |,
,,,,,CTTGATCGAAGCCCCGGTAAACGGC,
CTTAAGCGCAGGCCCGGCTGGACTC,5076,14,0.56,AGTACGAGAGGACCGGAGTGGACGC,CTTAAGCGCAGGCCCGGCTGGACTC,
,,,,,  || | |  | || |  ||||| |,
,,,,,AGTACGAGAGGACCGGAGTGGACGC,
TGGAATACCAAGGGGCGCAATGTG,1036,14,0.583,TGTGAAATCCCCGGGCTCAACCTG,TGGAATACCAAGGGGCGCAATGTG,
,,,,,||  | | |   |||| |||  ||,
,,,,,TGTGAAATCCCCGGGCTCAACCTG,
TGGAATACCAAGGGGCGCAATGTG,1105,14,0.583,TAGAATTCCAGGTGTAGCGGTGAA,TGGAATACCAAGGGGCGCAATGTG,
,,,,,| |||| ||| | |  ||  ||  ,
,,,,,TAGAATTCCAGGTGTAGCGGTGAA,
TGGAATACCAAGGGGCGCAATGTG,1195,14,0.583,TGCGAAAGCGTGGGGAGCAAACAG,TGGAATACCAAGGGGCGCAATGTG,
,,,,,||  | | |  |||| ||||   |,
,,,,,TGCGAAAGCGTGGGGAGCAAACAG,
TGGAATACCAAGGGGCGCAATGTG,3145,14,0.583,TGGAGGACCGAACCGACTAATGTT,TGGAATACCAAGGGGCGCAATGTG,
,,,,,||||  ||| |   |   ||||| ,
,,,,,TGGAGGACCGAACCGACTAATGTT,
TGGAATACCAAGGGGCGCAATGTG,3718,14,0.583,CGGAAGACCAAGGGTTCCTGTCCA,TGGAATACCAAGGGGCGCAATGTG,
,,,,, |||| ||||||||   |  |   ,
,,,,,CGGAAGACCAAGGGTTCCTGTCCA,
TGGAATACCAAGGGGCGCAATGTG,4051,14,0.583,GAGAATACCAAGGCGCTTGAGAGA,TGGAATACCAAGGGGCGCAATGTG,
,,,,,  ||||||||||| ||   |    ,
,,,,,GAGAATACCAAGGCGCTTGAGAGA,
CGGTTTTAATTGTCCTATAACAAAAGC,989,16,0.593,CGGAATTACTGGGCGTAAAGCGCACGC,CGGTTTTAATTGTCCTATAACAAAAGC,
,,,,,|||  ||| | | | || | |  | ||,
,,,,,CGGAATTACTGGGCGTAAAGCGCACGC,
CGGTTTTAATTGTCCTATAACAAAAGC,1019,15,0.556,CGGTTTGTTAAGTCAGATGTGAAATCC,CGGTTTTAATTGTCCTATAACAAAAGC,
,,,,,||||||     |||  ||   |||  |,
,,,,,CGGTTTGTTAAGTCAGATGTGAAATCC,
AAGAACATTGTTCGCCTAGACGCTC,1145,14,0.56,AGGAATACCGGTGGCGAAGGCGGCC,AAGAACATTGTTCGCCTAGACGCTC,
,,,,,| ||| |  | | ||  || ||  |,
,,,,,AGGAATACCGGTGGCGAAGGCGGCC,
AAGAACATTGTTCGCCTAGACGCTC,3471,14,0.56,AGCCAGGATGTTGGCTTAGAAGCAG,AAGAACATTGTTCGCCTAGACGCTC,
,,,,,|   |   |||| || |||| ||  ,
,,,,,AGCCAGGATGTTGGCTTAGAAGCAG,
AAGAACATTGTTCGCCTAGACGCTC,5008,14,0.56,TAGAACGTCGTGAGACAGTTCGGTC,AAGAACATTGTTCGCCTAGACGCTC,
,,,,, ||||| | ||  | |    || ||,
,,,,,TAGAACGTCGTGAGACAGTTCGGTC,
AAGAACATTGTTCGCCTAGACGCTC,5232,14,0.56,AGGAACGTTGAAGACGACGACGTTG,AAGAACATTGTTCGCCTAGACGCTC,
,,,,,| |||| |||    |   |||| | ,
,,,,,AGGAACGTTGAAGACGACGACGTTG,
AAGAACATTGTTCGCCTAGACGCTC,5408,14,0.56,TAAAACAGAATTTGCCTGGCGGCAG,AAGAACATTGTTCGCCTAGACGCTC,
,,,,, | ||||   || |||| |  ||  ,
,,,,,TAAAACAGAATTTGCCTGGCGGCAG,
